rw-river-article__title,rw-entity-meta__tag-link 2,rw-entity-meta__tag-value__list__item 2,rw-entity-meta__tag-value__list__item,rw-river-article__title href,rw-entity-meta__tag-link href,rw-entity-meta__tag-link,rw-entity-meta__tag-link href 2,rw-entity-meta__tag-value--status--past,rw-entity-meta__tag-label 2,rw-entity-meta__tag-label 3,rw-entity-meta__tag-value--status--ongoing
Sudan: Floods - Jun 2017,Sudan,,1 more,https://reliefweb.int/disaster/fl-2017-000088-sdn,https://reliefweb.int/disasters?list=Flash%20Flood%20Disasters&advanced-search=%28TY4624%29,Flash Flood,https://reliefweb.int/country/sdn,Past Disaster,Disaster types,Affected country,
Ethiopia: Measles Outbreak - May 2017,Ethiopia,,"",https://reliefweb.int/disaster/ep-2017-000069-eth,https://reliefweb.int/disasters?list=Epidemic%20Disasters&advanced-search=%28TY4642%29,Epidemic,https://reliefweb.int/country/eth,Past Disaster,Disaster type,Affected country,
East Africa: Armyworm Infestation - Mar 2017,Kenya,,5 more,https://reliefweb.int/disaster/2017-000041-ken,https://reliefweb.int/disasters?list=Insect%20Infestation%20Disasters&advanced-search=%28TY5255%29,Insect Infestation,https://reliefweb.int/country/ken,Past Disaster,Disaster type,Affected countries,
Rwanda: Severe Local Storm - Apr 2017,Rwanda,,"",https://reliefweb.int/disaster/st-2017-000035-rwa,https://reliefweb.int/disasters?list=Severe%20Local%20Storm%20Disasters&advanced-search=%28TY4656%29,Severe Local Storm,https://reliefweb.int/country/rwa,Past Disaster,Disaster type,Affected country,
Burundi: Malaria Outbreak - Mar 2017,Burundi,,"",https://reliefweb.int/disaster/ep-2017-000034-bdi,https://reliefweb.int/disasters?list=Epidemic%20Disasters&advanced-search=%28TY4642%29,Epidemic,https://reliefweb.int/country/bdi,Past Disaster,Disaster type,Affected country,
Southern Africa: Armyworm Infestation - Jan 2017,Zimbabwe,,10 more,https://reliefweb.int/disaster/2017-000019-zmb,https://reliefweb.int/disasters?list=Insect%20Infestation%20Disasters&advanced-search=%28TY5255%29,Insect Infestation,https://reliefweb.int/country/zwe,Past Disaster,Disaster type,Affected countries,
Somalia: Measles Outbreak - Dec 2016,Somalia,,"",https://reliefweb.int/disaster/ep-2016-000131-som,https://reliefweb.int/disasters?list=Epidemic%20Disasters&advanced-search=%28TY4642%29,Epidemic,https://reliefweb.int/country/som,"",Disaster type,Affected country,
Tanzania: Earthquake - Sept 2016,Tanzania,,1 more,https://reliefweb.int/disaster/eq-2016-000098-tza,https://reliefweb.int/disasters?list=Earthquake%20Disasters&advanced-search=%28TY4628%29,Earthquake,https://reliefweb.int/country/tza,Past Disaster,Disaster type,Affected countries,
Burundi: Cholera Outbreak - Jul 2016,Burundi,,"",https://reliefweb.int/disaster/ce-2015-000182-bdi,https://reliefweb.int/disasters?list=Epidemic%20Disasters&advanced-search=%28TY4642%29,Epidemic,https://reliefweb.int/country/bdi,Past Disaster,Disaster type,Affected country,
South Sudan: Cholera Outbreak - Jul 2016,South Sudan,,1 more,https://reliefweb.int/disaster/ep-2016-000074-ssd,https://reliefweb.int/disasters?list=Epidemic%20Disasters&advanced-search=%28TY4642%29,Epidemic,https://reliefweb.int/country/ssd,Past Disaster,Disaster type,Affected countries,
Ethiopia: Acute Watery Diarrhoea (AWD) Outbreak - May 2016,Ethiopia,,"",https://reliefweb.int/disaster/ep-2016-000143-eth,https://reliefweb.int/disasters?list=Epidemic%20Disasters&advanced-search=%28TY4642%29,Epidemic,https://reliefweb.int/country/eth,Past Disaster,Disaster type,Affected country,
Sudan: Floods - Jun 2016,Sudan,,1 more,https://reliefweb.int/disaster/fl-2016-000072-sdn,https://reliefweb.int/disasters?list=Flash%20Flood%20Disasters&advanced-search=%28TY4624%29,Flash Flood,https://reliefweb.int/country/sdn,Past Disaster,Disaster types,Affected country,
Somalia: Floods - May 2016,Somalia,,"",https://reliefweb.int/disaster/fl-2016-000046-som,https://reliefweb.int/disasters?list=Flood%20Disasters&advanced-search=%28TY4611%29,Flood,https://reliefweb.int/country/som,Past Disaster,Disaster type,Affected country,
Kenya: Floods - Apr 2016,Kenya,,"",https://reliefweb.int/disaster/fl-2016-000042-ken,https://reliefweb.int/disasters?list=Flood%20Disasters&advanced-search=%28TY4611%29,Flood,https://reliefweb.int/country/ken,Past Disaster,Disaster type,Affected country,
Somalia: Cholera Outbreak - Apr 2016,Somalia,,"",https://reliefweb.int/disaster/ep-2016-000053-som,https://reliefweb.int/disasters?list=Epidemic%20Disasters&advanced-search=%28TY4642%29,Epidemic,https://reliefweb.int/country/som,"",Disaster type,Affected country,
Uganda: Yellow Fever Outbreak - Apr 2016,Uganda,,"",https://reliefweb.int/disaster/ep-2016-000059-uga,https://reliefweb.int/disasters?list=Epidemic%20Disasters&advanced-search=%28TY4642%29,Epidemic,https://reliefweb.int/country/uga,Past Disaster,Disaster type,Affected country,
Ethiopia: Floods - Apr 2016,Ethiopia,,"",https://reliefweb.int/disaster/fl-2016-000045-eth,https://reliefweb.int/disasters?list=Flood%20Disasters&advanced-search=%28TY4611%29,Flood,https://reliefweb.int/country/eth,Past Disaster,Disaster type,Affected country,
Tanzania: Floods - Jan 2016,Tanzania,,"",https://reliefweb.int/disaster/fl-2016-000011-tza,https://reliefweb.int/disasters?list=Flood%20Disasters&advanced-search=%28TY4611%29,Flood,https://reliefweb.int/country/tza,Past Disaster,Disaster type,Affected country,
Kenya: Floods - Nov 2015,Kenya,,3 more,https://reliefweb.int/disaster/fl-2015-000169-ken,https://reliefweb.int/disasters?list=Flash%20Flood%20Disasters&advanced-search=%28TY4624%29,Flash Flood,https://reliefweb.int/country/ken,Past Disaster,Disaster types,Affected country,
Tropical Cyclone Megh - Nov 2015,Yemen,,1 more,https://reliefweb.int/disaster/tc-2015-000152-yem,https://reliefweb.int/disasters?list=Tropical%20Cyclone%20Disasters&advanced-search=%28TY4618%29,Tropical Cyclone,https://reliefweb.int/country/yem,Past Disaster,Disaster type,Affected countries,
Burundi: Floods - Nov 2015,Burundi,,"",https://reliefweb.int/disaster/fl-2015-000176-bdi,https://reliefweb.int/disasters?list=Flood%20Disasters&advanced-search=%28TY4611%29,Flood,https://reliefweb.int/country/bdi,Past Disaster,Disaster type,Affected country,
Tropical Cyclone Chapala - Nov 2015,Yemen,,2 more,https://reliefweb.int/disaster/tc-2015-000149-yem,https://reliefweb.int/disasters?list=Tropical%20Cyclone%20Disasters&advanced-search=%28TY4618%29,Tropical Cyclone,https://reliefweb.int/country/yem,Past Disaster,Disaster type,Affected countries,
Ethiopia: Floods - Oct 2015,Ethiopia,,1 more,https://reliefweb.int/disaster/fl-2015-000161-eth,https://reliefweb.int/disasters?list=Flash%20Flood%20Disasters&advanced-search=%28TY4624%29,Flash Flood,https://reliefweb.int/country/eth,Past Disaster,Disaster types,Affected country,
Somalia: Floods - Oct 2015,Somalia,,1 more,https://reliefweb.int/disaster/fl-2015-000145-som,https://reliefweb.int/disasters?list=Flash%20Flood%20Disasters&advanced-search=%28TY4624%29,Flash Flood,https://reliefweb.int/country/som,Past Disaster,Disaster types,Affected country,
South Sudan: Food Insecurity - 2015-2022,South Sudan,,1 more,https://reliefweb.int/disaster/ce-2015-000183-ssd,https://reliefweb.int/disasters?list=Drought%20Disasters&advanced-search=%28TY4672%29,Drought,https://reliefweb.int/country/ssd,Past Disaster,Disaster types,Affected country,
South Sudan: Cholera Outbreak - Jun 2015,South Sudan,,"",https://reliefweb.int/disaster/ep-2015-000073-ssd,https://reliefweb.int/disasters?list=Epidemic%20Disasters&advanced-search=%28TY4642%29,Epidemic,https://reliefweb.int/country/ssd,Past Disaster,Disaster type,Affected country,
Ethiopia: Drought - 2015-2024,Ethiopia,,"",https://reliefweb.int/disaster/dr-2015-000109-eth,https://reliefweb.int/disasters?list=Drought%20Disasters&advanced-search=%28TY4672%29,Drought,https://reliefweb.int/country/eth,"",Disaster type,Affected country,
Somalia: Drought - 2015-2024,Somalia,,"",https://reliefweb.int/disaster/dr-2015-000134-som,https://reliefweb.int/disasters?list=Drought%20Disasters&advanced-search=%28TY4672%29,Drought,https://reliefweb.int/country/som,"",Disaster type,Affected country,
Burundi/Tanzania: Cholera Outbreak - May 2015,Tanzania,,1 more,https://reliefweb.int/disaster/ep-2015-000058-tza,https://reliefweb.int/disasters?list=Epidemic%20Disasters&advanced-search=%28TY4642%29,Epidemic,https://reliefweb.int/country/tza,Past Disaster,Disaster type,Affected countries,
Rwanda: Floods and Landslides - Apr 2015,Rwanda,,1 more,https://reliefweb.int/disaster/fl-2015-000042-rwa,https://reliefweb.int/disasters?list=Flood%20Disasters&advanced-search=%28TY4611%29,Flood,https://reliefweb.int/country/rwa,Past Disaster,Disaster types,Affected country,
Somalia: Floods - Apr 2015,Somalia,,1 more,https://reliefweb.int/disaster/fl-2015-000040-som,https://reliefweb.int/disasters?list=Flash%20Flood%20Disasters&advanced-search=%28TY4624%29,Flash Flood,https://reliefweb.int/country/som,Past Disaster,Disaster types,Affected country,
Burundi: Landslides and Floods - Mar 2015,Burundi,,1 more,https://reliefweb.int/disaster/ls-2015-000031-bdi,https://reliefweb.int/disasters?list=Flood%20Disasters&advanced-search=%28TY4611%29,Flood,https://reliefweb.int/country/bdi,Past Disaster,Disaster types,Affected country,
Sudan/South Sudan: Measles Outbreak - Mar 2015,Sudan,,1 more,https://reliefweb.int/disaster/ep-2015-000038-sdn,https://reliefweb.int/disasters?list=Epidemic%20Disasters&advanced-search=%28TY4642%29,Epidemic,https://reliefweb.int/country/sdn,Past Disaster,Disaster type,Affected countries,
Tanzania: Hail Storms - Mar 2015,Tanzania,,2 more,https://reliefweb.int/disaster/st-2015-000019-tza,https://reliefweb.int/disasters?list=Flash%20Flood%20Disasters&advanced-search=%28TY4624%29,Flash Flood,https://reliefweb.int/country/tza,Past Disaster,Disaster types,Affected country,
Kenya: Cholera Outbreak - Feb 2015,Kenya,,"",https://reliefweb.int/disaster/ep-2015-000013-ken,https://reliefweb.int/disasters?list=Epidemic%20Disasters&advanced-search=%28TY4642%29,Epidemic,https://reliefweb.int/country/ken,Past Disaster,Disaster type,Affected country,
Somalia: Floods - Oct 2014,Somalia,,"",https://reliefweb.int/disaster/fl-2014-000150-som,https://reliefweb.int/disasters?list=Flood%20Disasters&advanced-search=%28TY4611%29,Flood,https://reliefweb.int/country/som,Past Disaster,Disaster type,Affected country,
Ethiopia: Floods - Oct 2014,Ethiopia,,"",https://reliefweb.int/disaster/fl-2014-000152-eth,https://reliefweb.int/disasters?list=Flood%20Disasters&advanced-search=%28TY4611%29,Flood,https://reliefweb.int/country/eth,Past Disaster,Disaster type,Affected country,
South Sudan: Kala-azar Outbreak - Sep 2014,South Sudan,,"",https://reliefweb.int/disaster/ep-2014-000170-ssd,https://reliefweb.int/disasters?list=Epidemic%20Disasters&advanced-search=%28TY4642%29,Epidemic,https://reliefweb.int/country/ssd,Past Disaster,Disaster type,Affected country,
Kenya: Drought - 2014-2024,Kenya,,"",https://reliefweb.int/disaster/dr-2014-000131-ken,https://reliefweb.int/disasters?list=Drought%20Disasters&advanced-search=%28TY4672%29,Drought,https://reliefweb.int/country/ken,"",Disaster type,Affected country,
South Sudan: Floods - Aug 2014,South Sudan,,1 more,https://reliefweb.int/disaster/fl-2014-000123-ssd,https://reliefweb.int/disasters?list=Flash%20Flood%20Disasters&advanced-search=%28TY4624%29,Flash Flood,https://reliefweb.int/country/ssd,Past Disaster,Disaster types,Affected country,
Sudan: Floods - Jul 2014,Sudan,,1 more,https://reliefweb.int/disaster/fl-2014-000098-sdn,https://reliefweb.int/disasters?list=Flash%20Flood%20Disasters&advanced-search=%28TY4624%29,Flash Flood,https://reliefweb.int/country/sdn,,Disaster types,Affected country,
Somalia: Measles Outbreak - May 2014,Somalia,,"",https://reliefweb.int/disaster/ep-2014-000093-som,https://reliefweb.int/disasters?list=Epidemic%20Disasters&advanced-search=%28TY4642%29,Epidemic,https://reliefweb.int/country/som,,Disaster type,Affected country,
South Sudan: Cholera Outbreak - May 2014,South Sudan,,"",https://reliefweb.int/disaster/ep-2014-000064-ssd,https://reliefweb.int/disasters?list=Epidemic%20Disasters&advanced-search=%28TY4642%29,Epidemic,https://reliefweb.int/country/ssd,,Disaster type,Affected country,
Tanzania: Floods - Apr 2014,Tanzania,,1 more,https://reliefweb.int/disaster/fl-2014-000053-tza,https://reliefweb.int/disasters?list=Flash%20Flood%20Disasters&advanced-search=%28TY4624%29,Flash Flood,https://reliefweb.int/country/tza,,Disaster types,Affected country,
West Africa: Ebola Outbreak - Mar 2014,Liberia,,15 more,https://reliefweb.int/disaster/ep-2014-000041-gin,https://reliefweb.int/disasters?list=Epidemic%20Disasters&advanced-search=%28TY4642%29,Epidemic,https://reliefweb.int/country/lbr,,Disaster type,Affected countries,
Burundi: Floods and Landslides - Feb 2014,Burundi,,2 more,https://reliefweb.int/disaster/fl-2014-000019-bdi,https://reliefweb.int/disasters?list=Flash%20Flood%20Disasters&advanced-search=%28TY4624%29,Flash Flood,https://reliefweb.int/country/bdi,,Disaster types,Affected country,
Tanzania: Flash Floods - Jan 2014,Tanzania,,1 more,https://reliefweb.int/disaster/ff-2014-000009-tza,https://reliefweb.int/disasters?list=Flash%20Flood%20Disasters&advanced-search=%28TY4624%29,Flash Flood,https://reliefweb.int/country/tza,,Disaster types,Affected country,
Sudan: Yellow Fever Outbreak - Nov 2013,Sudan,,"",https://reliefweb.int/disaster/ep-2013-000146-sdn,https://reliefweb.int/disasters?list=Epidemic%20Disasters&advanced-search=%28TY4642%29,Epidemic,https://reliefweb.int/country/sdn,,Disaster type,Affected country,
Somalia: Floods - Nov 2013,Somalia,,"",https://reliefweb.int/disaster/fl-2013-000141-som,https://reliefweb.int/disasters?list=Flood%20Disasters&advanced-search=%28TY4611%29,Flood,https://reliefweb.int/country/som,,Disaster type,Affected country,
Somalia: Tropical Cyclone - Nov 2013,Somalia,,2 more,https://reliefweb.int/disaster/tc-2013-000140-som,https://reliefweb.int/disasters?list=Flash%20Flood%20Disasters&advanced-search=%28TY4624%29,Flash Flood,https://reliefweb.int/country/som,,Disaster types,Affected country,
South Sudan: Measles Outbreak - Sep 2013,South Sudan,,"",https://reliefweb.int/disaster/ep-2013-000126-ssd,https://reliefweb.int/disasters?list=Epidemic%20Disasters&advanced-search=%28TY4642%29,Epidemic,https://reliefweb.int/country/ssd,,Disaster type,Affected country,
Uganda: Measles Outbreak - Aug 2013,Uganda,,"",https://reliefweb.int/disaster/ep-2013-000096-uga,https://reliefweb.int/disasters?list=Epidemic%20Disasters&advanced-search=%28TY4642%29,Epidemic,https://reliefweb.int/country/uga,,Disaster type,Affected country,
South Sudan: Floods - Aug 2013,South Sudan,,1 more,https://reliefweb.int/disaster/fl-2013-000108-ssd,https://reliefweb.int/disasters?list=Flash%20Flood%20Disasters&advanced-search=%28TY4624%29,Flash Flood,https://reliefweb.int/country/ssd,,Disaster types,Affected country,
Sudan: Flash Floods - Aug 2013,Sudan,,1 more,https://reliefweb.int/disaster/ff-2013-000091-sdn,https://reliefweb.int/disasters?list=Flash%20Flood%20Disasters&advanced-search=%28TY4624%29,Flash Flood,https://reliefweb.int/country/sdn,,Disaster types,Affected country,
Ethiopia: Yellow Fever Outbreak - May 2013,Ethiopia,,"",https://reliefweb.int/disaster/ep-2013-000067-eth,https://reliefweb.int/disasters?list=Epidemic%20Disasters&advanced-search=%28TY4642%29,Epidemic,https://reliefweb.int/country/eth,,Disaster type,Affected country,
South Sudan: Meningitis Outbreak - May 2013,South Sudan,,"",https://reliefweb.int/disaster/ep-2013-000065-ssd,https://reliefweb.int/disasters?list=Epidemic%20Disasters&advanced-search=%28TY4642%29,Epidemic,https://reliefweb.int/country/ssd,,Disaster type,Affected country,
Horn of Africa: Polio Outbreak - May 2013,Somalia,,4 more,https://reliefweb.int/disaster/ep-2013-000064-ken,https://reliefweb.int/disasters?list=Epidemic%20Disasters&advanced-search=%28TY4642%29,Epidemic,https://reliefweb.int/country/som,,Disaster type,Affected countries,
Uganda: Cholera Outbreak - May 2013,Uganda,,"",https://reliefweb.int/disaster/ep-2013-000058-uga,https://reliefweb.int/disasters?list=Epidemic%20Disasters&advanced-search=%28TY4642%29,Epidemic,https://reliefweb.int/country/uga,,Disaster type,Affected country,
Uganda: Floods - May 2013,Uganda,,1 more,https://reliefweb.int/disaster/fl-2013-000055-uga,https://reliefweb.int/disasters?list=Flash%20Flood%20Disasters&advanced-search=%28TY4624%29,Flash Flood,https://reliefweb.int/country/uga,,Disaster types,Affected country,
Somalia: Floods - Apr 2013,Somalia,,1 more,https://reliefweb.int/disaster/fl-2013-000052-som,https://reliefweb.int/disasters?list=Flash%20Flood%20Disasters&advanced-search=%28TY4624%29,Flash Flood,https://reliefweb.int/country/som,,Disaster types,Affected country,
Ethiopia: Floods - Apr 2013,Ethiopia,,1 more,https://reliefweb.int/disaster/fl-2013-000050-eth,https://reliefweb.int/disasters?list=Flash%20Flood%20Disasters&advanced-search=%28TY4624%29,Flash Flood,https://reliefweb.int/country/eth,,Disaster types,,
Kenya: Floods - Mar 2013,Kenya,,1 more,https://reliefweb.int/disaster/fl-2013-000038-ken,https://reliefweb.int/disasters?list=Flash%20Flood%20Disasters&advanced-search=%28TY4624%29,Flash Flood,https://reliefweb.int/country/ken,,Disaster types,,
Kenya: Floods - Jan 2013,Kenya,,2 more,https://reliefweb.int/disaster/fl-2013-000004-ken,https://reliefweb.int/disasters?list=Flood%20Disasters&advanced-search=%28TY4611%29,Flood,https://reliefweb.int/country/ken,,Disaster types,,
Sudan: Yellow Fever Outbreak - Oct 2012,Sudan,,"",https://reliefweb.int/disaster/ep-2012-000184-sdn,https://reliefweb.int/disasters?list=Epidemic%20Disasters&advanced-search=%28TY4642%29,Epidemic,https://reliefweb.int/country/sdn,,Disaster type,,
Uganda: Marburg Fever Outbreak - Oct 2012,Uganda,,"",https://reliefweb.int/disaster/ep-2012-000182-uga,https://reliefweb.int/disasters?list=Epidemic%20Disasters&advanced-search=%28TY4642%29,Epidemic,https://reliefweb.int/country/uga,,Disaster type,,
Burundi: Cholera Outbreak - Oct 2012,Burundi,,"",https://reliefweb.int/disaster/ep-2012-000187-bdi,https://reliefweb.int/disasters?list=Epidemic%20Disasters&advanced-search=%28TY4642%29,Epidemic,https://reliefweb.int/country/bdi,,Disaster type,,
Somalia: Floods - Sep 2012,Somalia,,"",https://reliefweb.int/disaster/fl-2012-000173-som,https://reliefweb.int/disasters?list=Flood%20Disasters&advanced-search=%28TY4611%29,Flood,https://reliefweb.int/country/som,,Disaster type,,
Uganda: Ebola Outbreak - Jul 2012,Uganda,,"",https://reliefweb.int/disaster/ep-2012-000124-uga,https://reliefweb.int/disasters?list=Epidemic%20Disasters&advanced-search=%28TY4642%29,Epidemic,https://reliefweb.int/country/uga,,Disaster type,,
South Sudan: Floods - Jun 2012,South Sudan,,"",https://reliefweb.int/disaster/fl-2012-000128-ssd,https://reliefweb.int/disasters?list=Flood%20Disasters&advanced-search=%28TY4611%29,Flood,https://reliefweb.int/country/ssd,,Disaster type,,
Sudan: Floods - Jun 2012,Sudan,,"",https://reliefweb.int/disaster/fl-2012-000129-sdn,https://reliefweb.int/disasters?list=Flood%20Disasters&advanced-search=%28TY4611%29,Flood,https://reliefweb.int/country/sdn,,Disaster type,,
Uganda: Landslides - Jun 2012,Uganda,,"",https://reliefweb.int/disaster/ls-2012-000105-uga,https://reliefweb.int/disasters?list=Land%20Slide%20Disasters&advanced-search=%28TY4728%29,Land Slide,https://reliefweb.int/country/uga,,Disaster type,,
Ethiopia: Floods - May 2012,Ethiopia,,1 more,https://reliefweb.int/disaster/ff-2012-000081-eth,https://reliefweb.int/disasters?list=Flash%20Flood%20Disasters&advanced-search=%28TY4624%29,Flash Flood,https://reliefweb.int/country/eth,,Disaster types,,
Rwanda: Floods - Apr 2012,Rwanda,,"",https://reliefweb.int/disaster/fl-2012-000067-rwa,https://reliefweb.int/disasters?list=Flood%20Disasters&advanced-search=%28TY4611%29,Flood,https://reliefweb.int/country/rwa,,Disaster type,,
Kenya: Floods - Apr 2012,Kenya,,2 more,https://reliefweb.int/disaster/ff-2012-000062-ken,https://reliefweb.int/disasters?list=Flash%20Flood%20Disasters&advanced-search=%28TY4624%29,Flash Flood,https://reliefweb.int/country/ken,,Disaster types,,
Uganda: Cholera Outbreak - Feb 2012,Uganda,,"",https://reliefweb.int/disaster/ep-2012-000031-uga,https://reliefweb.int/disasters?list=Epidemic%20Disasters&advanced-search=%28TY4642%29,Epidemic,https://reliefweb.int/country/uga,,Disaster type,,
Tanzania: Floods and Landslides - Dec 2011,Tanzania,,"",https://reliefweb.int/disaster/fl-2011-000183-tza,https://reliefweb.int/disasters?list=Flood%20Disasters&advanced-search=%28TY4611%29,Flood,https://reliefweb.int/country/tza,,Disaster type,,
Somalia: Floods - Oct 2011,Somalia,,1 more,https://reliefweb.int/disaster/fl-2011-000161-som,https://reliefweb.int/disasters?list=Flash%20Flood%20Disasters&advanced-search=%28TY4624%29,Flash Flood,https://reliefweb.int/country/som,,Disaster types,,
South Sudan: Flash Floods - Sep 2011,South Sudan,,"",https://reliefweb.int/disaster/ff-2011-000143-ssd,https://reliefweb.int/disasters?list=Flash%20Flood%20Disasters&advanced-search=%28TY4624%29,Flash Flood,https://reliefweb.int/country/ssd,,Disaster type,,
Kenya: Floods - Aug 2011,Kenya,,1 more,https://reliefweb.int/disaster/fl-2011-000115-ken,https://reliefweb.int/disasters?list=Flash%20Flood%20Disasters&advanced-search=%28TY4624%29,Flash Flood,https://reliefweb.int/country/ken,,Disaster types,,
Ethiopia: Floods - Aug 2011,Ethiopia,,1 more,https://reliefweb.int/disaster/fl-2011-000124-eth,https://reliefweb.int/disasters?list=Flash%20Flood%20Disasters&advanced-search=%28TY4624%29,Flash Flood,https://reliefweb.int/country/eth,,Disaster types,,
Uganda: Floods and Mudslides - Aug 2011,Uganda,,1 more,https://reliefweb.int/disaster/ms-2011-000110-uga,https://reliefweb.int/disasters?list=Flood%20Disasters&advanced-search=%28TY4611%29,Flood,https://reliefweb.int/country/uga,,Disaster types,Affected country,
Sudan: Floods - Aug 2011,Sudan,,1 more,https://reliefweb.int/disaster/fl-2011-000120-sdn,https://reliefweb.int/disasters?list=Flash%20Flood%20Disasters&advanced-search=%28TY4624%29,Flash Flood,https://reliefweb.int/country/sdn,,Disaster types,Affected country,
Burundi: Cholera Outbreak - Aug 2011,Burundi,,"",https://reliefweb.int/disaster/ep-2011-000126-bdi,https://reliefweb.int/disasters?list=Epidemic%20Disasters&advanced-search=%28TY4642%29,Epidemic,https://reliefweb.int/country/bdi,,Disaster type,Affected country,
Horn of Africa Crisis: 2011-2012,Somalia,,1 more,https://reliefweb.int/disaster/dr-2011-000029-ken,https://reliefweb.int/disasters?list=Drought%20Disasters&advanced-search=%28TY4672%29,Drought,https://reliefweb.int/country/som,,Disaster types,Affected countries,
Rwanda: Severe Local Storm - Apr 2011,Rwanda,,2 more,https://reliefweb.int/disaster/fl-2011-000051-rwa,https://reliefweb.int/disasters?list=Flood%20Disasters&advanced-search=%28TY4611%29,Flood,https://reliefweb.int/country/rwa,,Disaster types,Affected country,
Uganda: Ebola Outbreak - May 2011,Uganda,,"",https://reliefweb.int/disaster/ep-2011-000052-uga,https://reliefweb.int/disasters?list=Epidemic%20Disasters&advanced-search=%28TY4642%29,Epidemic,https://reliefweb.int/country/uga,,Disaster type,Affected country,
Burundi: Floods - Mar 2011,Burundi,,"",https://reliefweb.int/disaster/fl-2011-000037-bdi,https://reliefweb.int/disasters?list=Flood%20Disasters&advanced-search=%28TY4611%29,Flood,https://reliefweb.int/country/bdi,,Disaster type,Affected country,
Kenya: Measles Outbreak - Dec 2010,Kenya,,"",https://reliefweb.int/disaster/ep-2010-000263-ken,https://reliefweb.int/disasters?list=Epidemic%20Disasters&advanced-search=%28TY4642%29,Epidemic,https://reliefweb.int/country/ken,,Disaster type,Affected country,
Kenya: Floods - Aug 2010,Kenya,,"",https://reliefweb.int/disaster/fl-2010-000174-ken,https://reliefweb.int/disasters?list=Flood%20Disasters&advanced-search=%28TY4611%29,Flood,https://reliefweb.int/country/ken,,Disaster type,Affected country,
Ethiopia: Floods - Jul 2010,Ethiopia,,"",https://reliefweb.int/disaster/fl-2010-000179-eth,https://reliefweb.int/disasters?list=Flood%20Disasters&advanced-search=%28TY4611%29,Flood,https://reliefweb.int/country/eth,,Disaster type,Affected country,
Sudan: Floods - Jul 2010,Sudan,,"",https://reliefweb.int/disaster/fl-2010-000139-sdn,https://reliefweb.int/disasters?list=Flood%20Disasters&advanced-search=%28TY4611%29,Flood,https://reliefweb.int/country/sdn,,Disaster type,Affected country,
West/Central Africa: Floods - Jun 2010,Benin,,"",https://reliefweb.int/disaster/fl-2010-000118-gha,https://reliefweb.int/disasters?list=Flood%20Disasters&advanced-search=%28TY4611%29,Flood,https://reliefweb.int/country/ben,,Disaster type,Affected countries,
East Africa: Floods - Mar 2010,Burundi,,"",https://reliefweb.int/disaster/ls-2010-000040-uga,https://reliefweb.int/disasters?list=Flood%20Disasters&advanced-search=%28TY4611%29,Flood,https://reliefweb.int/country/bdi,,Disaster type,Affected countries,
Somalia: Floods - Mar 2010,Somalia,,"",https://reliefweb.int/disaster/fl-2010-000041-som,https://reliefweb.int/disasters?list=Flood%20Disasters&advanced-search=%28TY4611%29,Flood,https://reliefweb.int/country/som,,Disaster type,Affected country,
Kenya: Floods - Dec 2009,Kenya,,"",https://reliefweb.int/disaster/fl-2010-000003-ken,https://reliefweb.int/disasters?list=Flood%20Disasters&advanced-search=%28TY4611%29,Flood,https://reliefweb.int/country/ken,,Disaster type,Affected country,
Tanzania: Floods and landslides - Nov 2009,Tanzania,,"",https://reliefweb.int/disaster/ls-2009-000243-tza,https://reliefweb.int/disasters?list=Land%20Slide%20Disasters&advanced-search=%28TY4728%29,Land Slide,https://reliefweb.int/country/tza,,Disaster type,Affected country,
Somalia: Floods - Oct 2009,Somalia,,"",https://reliefweb.int/disaster/ff-2009-000229-som,https://reliefweb.int/disasters?list=Flash%20Flood%20Disasters&advanced-search=%28TY4624%29,Flash Flood,https://reliefweb.int/country/som,,Disaster type,Affected country,
Kenya: Floods - Sep 2009,Kenya,,"",https://reliefweb.int/disaster/fl-2009-000218-ken,https://reliefweb.int/disasters?list=Flood%20Disasters&advanced-search=%28TY4611%29,Flood,https://reliefweb.int/country/ken,,Disaster type,Affected country,
Sudan: Floods - Aug 2009,Sudan,,"",https://reliefweb.int/disaster/fl-2009-000166-sdn,https://reliefweb.int/disasters?list=Flood%20Disasters&advanced-search=%28TY4611%29,Flood,https://reliefweb.int/country/sdn,,Disaster type,Affected country,
Tanzania: Explosion - May 2009,Tanzania,,"",https://reliefweb.int/disaster/ot-2009-000098-tza,https://reliefweb.int/disasters?list=Technological%20Disaster%20Disasters&advanced-search=%28TY4620%29,Technological Disaster,https://reliefweb.int/country/tza,,Disaster type,Affected country,
Ethiopia: Floods - May 2024,Ethiopia,,"",https://reliefweb.int/disaster/fl-2024-000074-eth,https://reliefweb.int/disasters?list=Flood%20Disasters&advanced-search=%28TY4611%29,Flood,https://reliefweb.int/country/eth,"",Disaster type,,Ongoing
Uganda: Floods - May 2024,Uganda,,1 more,https://reliefweb.int/disaster/fl-2024-000075-uga,https://reliefweb.int/disasters?list=Flood%20Disasters&advanced-search=%28TY4611%29,Flood,https://reliefweb.int/country/uga,"",Disaster types,,Ongoing
Rwanda: Floods - Apr 2024,Rwanda,,1 more,https://reliefweb.int/disaster/fl-2024-000064-rwa,https://reliefweb.int/disasters?list=Flood%20Disasters&advanced-search=%28TY4611%29,Flood,https://reliefweb.int/country/rwa,"",Disaster types,,Ongoing
Somalia: Floods - Apr 2024,Somalia,,1 more,https://reliefweb.int/disaster/fl-2024-000055-som,https://reliefweb.int/disasters?list=Flash%20Flood%20Disasters&advanced-search=%28TY4624%29,Flash Flood,https://reliefweb.int/country/som,"",Disaster types,,Ongoing
Kenya: Floods - Apr 2024,Kenya,,1 more,https://reliefweb.int/disaster/fl-2024-000045-ken,https://reliefweb.int/disasters?list=Flash%20Flood%20Disasters&advanced-search=%28TY4624%29,Flash Flood,https://reliefweb.int/country/ken,"",Disaster types,,Ongoing
Tanzania: Floods - Apr 2024,Tanzania,,1 more,https://reliefweb.int/disaster/fl-2024-000058-tza,https://reliefweb.int/disasters?list=Flood%20Disasters&advanced-search=%28TY4611%29,Flood,https://reliefweb.int/country/tza,"",Disaster types,,Ongoing
Uganda: Anthrax Outbreak - Nov 2023,Uganda,,"",https://reliefweb.int/disaster/ep-2023-000251-uga,https://reliefweb.int/disasters?list=Epidemic%20Disasters&advanced-search=%28TY4642%29,Epidemic,https://reliefweb.int/country/uga,Past Disaster,Disaster type,,""
Tanzania: Floods - Nov 2023,Tanzania,,"",https://reliefweb.int/disaster/fl-2023-000241-tza,https://reliefweb.int/disasters?list=Flood%20Disasters&advanced-search=%28TY4611%29,Flood,https://reliefweb.int/country/tza,Past Disaster,Disaster type,,""
Ethiopia: Floods - Nov 2023,Ethiopia,,1 more,https://reliefweb.int/disaster/fl-2023-000229-eth,https://reliefweb.int/disasters?list=Flash%20Flood%20Disasters&advanced-search=%28TY4624%29,Flash Flood,https://reliefweb.int/country/eth,Past Disaster,Disaster types,,""
Burundi: Floods and Landslides - Oct 2023,Burundi,,1 more,https://reliefweb.int/disaster/fl-2023-000231-bdi,https://reliefweb.int/disasters?list=Flood%20Disasters&advanced-search=%28TY4611%29,Flood,https://reliefweb.int/country/bdi,"",Disaster types,,Ongoing
Kenya: Floods - Oct 2023,Kenya,,1 more,https://reliefweb.int/disaster/fl-2023-000216-ken,https://reliefweb.int/disasters?list=Flash%20Flood%20Disasters&advanced-search=%28TY4624%29,Flash Flood,https://reliefweb.int/country/ken,Past Disaster,Disaster types,,""
Somalia: Floods - Oct 2023,Somalia,,"",https://reliefweb.int/disaster/fl-2023-000190-som,https://reliefweb.int/disasters?list=Flood%20Disasters&advanced-search=%28TY4611%29,Flood,https://reliefweb.int/country/som,Past Disaster,Disaster type,,""
South Sudan: Hepatitis E Outbreak - Sep 2023,South Sudan,,"",https://reliefweb.int/disaster/ep-2023-000263-ssd,https://reliefweb.int/disasters?list=Epidemic%20Disasters&advanced-search=%28TY4642%29,Epidemic,https://reliefweb.int/country/ssd,"",Disaster type,,Ongoing
Sudan: Cholera Outbreak - Sep 2023,Sudan,,"",https://reliefweb.int/disaster/ep-2023-000181-sdn,https://reliefweb.int/disasters?list=Epidemic%20Disasters&advanced-search=%28TY4642%29,Epidemic,https://reliefweb.int/country/sdn,"",Disaster type,,Ongoing
Sudan: Floods - Sep 2023,Sudan,,"",https://reliefweb.int/disaster/fl-2023-000199-sdn,https://reliefweb.int/disasters?list=Flood%20Disasters&advanced-search=%28TY4611%29,Flood,https://reliefweb.int/country/sdn,Past Disaster,Disaster type,,""
Tanzania: Cholera Outbreak - Jul 2023,Tanzania,,"",https://reliefweb.int/disaster/ep-2023-000224-tza,https://reliefweb.int/disasters?list=Epidemic%20Disasters&advanced-search=%28TY4642%29,Epidemic,https://reliefweb.int/country/tza,"",Disaster type,,Ongoing
Rwanda: Floods and Landslides - May 2023,Rwanda,,1 more,https://reliefweb.int/disaster/fl-2023-000064-rwa,https://reliefweb.int/disasters?list=Flood%20Disasters&advanced-search=%28TY4611%29,Flood,https://reliefweb.int/country/rwa,Past Disaster,Disaster types,,""
Tanzania: Floods - Apr 2023,Tanzania,,"",https://reliefweb.int/disaster/fl-2023-000056-tza,https://reliefweb.int/disasters?list=Flood%20Disasters&advanced-search=%28TY4611%29,Flood,https://reliefweb.int/country/tza,Past Disaster,Disaster type,,""
Kenya: Floods - Mar 2023,Kenya,,1 more,https://reliefweb.int/disaster/ff-2023-000051-ken,https://reliefweb.int/disasters?list=Flash%20Flood%20Disasters&advanced-search=%28TY4624%29,Flash Flood,https://reliefweb.int/country/ken,Past Disaster,Disaster types,,""
Tanzania: Marburg Virus Disease Outbreak - Mar 2023,Tanzania,,"",https://reliefweb.int/disaster/ep-2023-000047-tza,https://reliefweb.int/disasters?list=Epidemic%20Disasters&advanced-search=%28TY4642%29,Epidemic,https://reliefweb.int/country/tza,Past Disaster,Disaster type,,""
Somalia: Floods - Mar 2023,Somalia,,1 more,https://reliefweb.int/disaster/ff-2023-000044-som,https://reliefweb.int/disasters?list=Flash%20Flood%20Disasters&advanced-search=%28TY4624%29,Flash Flood,https://reliefweb.int/country/som,Past Disaster,Disaster types,Affected country,
Ethiopia: Floods - Mar 2023,Ethiopia,,"",https://reliefweb.int/disaster/fl-2023-000052-eth,https://reliefweb.int/disasters?list=Flood%20Disasters&advanced-search=%28TY4611%29,Flood,https://reliefweb.int/country/eth,Past Disaster,Disaster type,Affected country,
Burundi: Cholera Outbreak - Jan 2023,Burundi,,"",https://reliefweb.int/disaster/ep-2023-000075-bdi,https://reliefweb.int/disasters?list=Epidemic%20Disasters&advanced-search=%28TY4642%29,Epidemic,https://reliefweb.int/country/bdi,"",Disaster type,Affected country,
South Sudan: Measles - Dec 2022,South Sudan,,"",https://reliefweb.int/disaster/ep-2023-000048-ssd,https://reliefweb.int/disasters?list=Epidemic%20Disasters&advanced-search=%28TY4642%29,Epidemic,https://reliefweb.int/country/ssd,"",Disaster type,Affected country,
Kenya: Cholera Outbreak - Oct 2022,Kenya,,"",https://reliefweb.int/disaster/ep-2022-000367-ken,https://reliefweb.int/disasters?list=Epidemic%20Disasters&advanced-search=%28TY4642%29,Epidemic,https://reliefweb.int/country/ken,Past Disaster,Disaster type,Affected country,
Uganda: Ebola Outbreak - Sep 2022,Uganda,,"",https://reliefweb.int/disaster/ep-2022-000315-uga,https://reliefweb.int/disasters?list=Epidemic%20Disasters&advanced-search=%28TY4642%29,Epidemic,https://reliefweb.int/country/uga,Past Disaster,Disaster type,Affected country,
Ethiopia: Cholera Outbreak - Sep 2022,Ethiopia,,"",https://reliefweb.int/disaster/ep-2022-000323-eth,https://reliefweb.int/disasters?list=Epidemic%20Disasters&advanced-search=%28TY4642%29,Epidemic,https://reliefweb.int/country/eth,"",Disaster type,Affected country,
Uganda: Floods - Jul 2022,Uganda,,1 more,https://reliefweb.int/disaster/fl-2022-000275-uga,https://reliefweb.int/disasters?list=Flood%20Disasters&advanced-search=%28TY4611%29,Flood,https://reliefweb.int/country/uga,Past Disaster,Disaster types,Affected country,
Chad: Floods - Jul 2022,Chad,,1 more,https://reliefweb.int/disaster/fl-2022-000287-tcd,https://reliefweb.int/disasters?list=Flood%20Disasters&advanced-search=%28TY4611%29,Flood,https://reliefweb.int/country/tcd,Past Disaster,Disaster type,Affected countries,
Ethiopia: Floods - Jul 2022,Ethiopia,,"",https://reliefweb.int/disaster/fl-2022-000356-eth,https://reliefweb.int/disasters?list=Flood%20Disasters&advanced-search=%28TY4611%29,Flood,https://reliefweb.int/country/eth,Past Disaster,Disaster type,Affected country,
Sudan: Floods - Jun 2022,Sudan,,1 more,https://reliefweb.int/disaster/fl-2022-000277-sdn,https://reliefweb.int/disasters?list=Flash%20Flood%20Disasters&advanced-search=%28TY4624%29,Flash Flood,https://reliefweb.int/country/sdn,Past Disaster,Disaster types,Affected country,
Somalia: Rain and Windstorms - May 2022,Somalia,,"",https://reliefweb.int/disaster/vw-2022-000214-som,https://reliefweb.int/disasters?list=Severe%20Local%20Storm%20Disasters&advanced-search=%28TY4656%29,Severe Local Storm,https://reliefweb.int/country/som,Past Disaster,Disaster type,Affected country,
South Sudan: Cholera Outbreak - May 2022,South Sudan,,"",https://reliefweb.int/disaster/ep-2022-000236-ssd,https://reliefweb.int/disasters?list=Epidemic%20Disasters&advanced-search=%28TY4642%29,Epidemic,https://reliefweb.int/country/ssd,Past Disaster,Disaster type,Affected country,
Tanzania: Cholera Outbreak - Apr 2022,Tanzania,,"",https://reliefweb.int/disaster/ep-2022-000211-tza,https://reliefweb.int/disasters?list=Epidemic%20Disasters&advanced-search=%28TY4642%29,Epidemic,https://reliefweb.int/country/tza,Past Disaster,Disaster type,Affected country,
Somalia: Urban Fire Incident - Apr 2022,Somalia,,"",https://reliefweb.int/disaster/fr-2022-000191-som,https://reliefweb.int/disasters?list=Fire%20Disasters&advanced-search=%28TY5706%29,Fire,https://reliefweb.int/country/som,Past Disaster,Disaster type,Affected country,
Djibouti: Drought - Mar 2022,Djibouti,,"",https://reliefweb.int/disaster/dr-2022-000238-dji,https://reliefweb.int/disasters?list=Drought%20Disasters&advanced-search=%28TY4672%29,Drought,https://reliefweb.int/country/dji,Past Disaster,Disaster type,Affected country,
Sudan: Kala-azar Outbreak - Feb 2022,Sudan,,"",https://reliefweb.int/disaster/ep-2022-000177-sdn,https://reliefweb.int/disasters?list=Epidemic%20Disasters&advanced-search=%28TY4642%29,Epidemic,https://reliefweb.int/country/sdn,Past Disaster,Disaster type,Affected country,
Kenya: Yellow Fever and Chikungunya Outbreaks - Jan 2022,Kenya,,"",https://reliefweb.int/disaster/ep-2022-000183-ken,https://reliefweb.int/disasters?list=Epidemic%20Disasters&advanced-search=%28TY4642%29,Epidemic,https://reliefweb.int/country/ken,Past Disaster,Disaster type,Affected country,
Uganda: Floods and Landslides - Sep 2021,Uganda,,1 more,https://reliefweb.int/disaster/fl-2021-000153-uga,https://reliefweb.int/disasters?list=Flood%20Disasters&advanced-search=%28TY4611%29,Flood,https://reliefweb.int/country/uga,Past Disaster,Disaster types,Affected country,
Sudan: Floods - Jul 2021,Sudan,,2 more,https://reliefweb.int/disaster/ff-2021-000090-sdn,https://reliefweb.int/disasters?list=Flash%20Flood%20Disasters&advanced-search=%28TY4624%29,Flash Flood,https://reliefweb.int/country/sdn,Past Disaster,Disaster types,Affected country,
South Sudan: Floods 2021-2022,South Sudan,,"",https://reliefweb.int/disaster/fl-2021-000108-ssd,https://reliefweb.int/disasters?list=Flood%20Disasters&advanced-search=%28TY4611%29,Flood,https://reliefweb.int/country/ssd,,Disaster type,Affected country,
Somalia: Floods - May 2021,Somalia,,1 more,https://reliefweb.int/disaster/fl-2021-000051-som,https://reliefweb.int/disasters?list=Flash%20Flood%20Disasters&advanced-search=%28TY4624%29,Flash Flood,https://reliefweb.int/country/som,,Disaster types,Affected country,
Rwanda: Floods and Windstorm - Apr 2021,Rwanda,,2 more,https://reliefweb.int/disaster/fl-2021-000049-rwa,https://reliefweb.int/disasters?list=Flood%20Disasters&advanced-search=%28TY4611%29,Flood,https://reliefweb.int/country/rwa,,Disaster types,Affected country,
Tropical Storm Jobo - Apr 2021,Tanzania,,2 more,https://reliefweb.int/disaster/tc-2021-000036-tza,https://reliefweb.int/disasters?list=Flash%20Flood%20Disasters&advanced-search=%28TY4624%29,Flash Flood,https://reliefweb.int/country/tza,,Disaster types,Affected countries,
Burundi: Floods - Apr 2021,Burundi,,"",https://reliefweb.int/disaster/fl-2021-000039-bdi,https://reliefweb.int/disasters?list=Flood%20Disasters&advanced-search=%28TY4611%29,Flood,https://reliefweb.int/country/bdi,,Disaster type,Affected country,
Kenya: Floods - Apr 2021,Kenya,,"",https://reliefweb.int/disaster/fl-2021-000038-ken,https://reliefweb.int/disasters?list=Flood%20Disasters&advanced-search=%28TY4611%29,Flood,https://reliefweb.int/country/ken,,Disaster type,Affected country,
Kenya: Dengue Outbreak - May 2021,Kenya,,"",https://reliefweb.int/disaster/ep-2021-000047-ken,https://reliefweb.int/disasters?list=Epidemic%20Disasters&advanced-search=%28TY4642%29,Epidemic,https://reliefweb.int/country/ken,,Disaster type,Affected country,
Tropical Cyclone Gati - Nov 2020,Somalia,,1 more,https://reliefweb.int/disaster/tc-2020-000232-som,https://reliefweb.int/disasters?list=Flash%20Flood%20Disasters&advanced-search=%28TY4624%29,Flash Flood,https://reliefweb.int/country/som,,Disaster types,Affected countries,
Somalia: Flash Floods - Oct 2020,Somalia,,1 more,https://reliefweb.int/disaster/ff-2020-000221-som,https://reliefweb.int/disasters?list=Flash%20Flood%20Disasters&advanced-search=%28TY4624%29,Flash Flood,https://reliefweb.int/country/som,,Disaster types,Affected country,
Sudan: Polio Outbreak - Aug 2020,Sudan,,"",https://reliefweb.int/disaster/ep-2020-000129-sdn,https://reliefweb.int/disasters?list=Epidemic%20Disasters&advanced-search=%28TY4642%29,Epidemic,https://reliefweb.int/country/sdn,,Disaster type,Affected country,
South Sudan: Floods - Aug 2020,South Sudan,,"",https://reliefweb.int/disaster/fl-2020-000193-ssd,https://reliefweb.int/disasters?list=Flood%20Disasters&advanced-search=%28TY4611%29,Flood,https://reliefweb.int/country/ssd,,Disaster type,Affected country,
Sudan: Floods - Jul 2020,Sudan,,"",https://reliefweb.int/disaster/fl-2020-000176-sdn,https://reliefweb.int/disasters?list=Flood%20Disasters&advanced-search=%28TY4611%29,Flood,https://reliefweb.int/country/sdn,,Disaster type,Affected country,
Uganda: Floods and Landslides - May 2020,Uganda,,2 more,https://reliefweb.int/disaster/fl-2020-000132-uga,https://reliefweb.int/disasters?list=Flood%20Disasters&advanced-search=%28TY4611%29,Flood,https://reliefweb.int/country/uga,,Disaster types,Affected country,
Tanzania: Floods - Apr 2020,Tanzania,,2 more,https://reliefweb.int/disaster/fl-2020-000125-tza,https://reliefweb.int/disasters?list=Flash%20Flood%20Disasters&advanced-search=%28TY4624%29,Flash Flood,https://reliefweb.int/country/tza,,Disaster types,Affected country,
Ethiopia: Floods - Apr 2020,Ethiopia,,1 more,https://reliefweb.int/disaster/fl-2020-000126-eth,https://reliefweb.int/disasters?list=Flash%20Flood%20Disasters&advanced-search=%28TY4624%29,Flash Flood,https://reliefweb.int/country/eth,,Disaster types,Affected country,
Somalia: Flash Floods - Apr 2020,Somalia,,1 more,https://reliefweb.int/disaster/ff-2020-000055-som,https://reliefweb.int/disasters?list=Flash%20Flood%20Disasters&advanced-search=%28TY4624%29,Flash Flood,https://reliefweb.int/country/som,,Disaster types,Affected country,
Kenya: Floods and Landslides - Apr 2020,Kenya,,2 more,https://reliefweb.int/disaster/fl-2020-000128-ken,https://reliefweb.int/disasters?list=Flood%20Disasters&advanced-search=%28TY4611%29,Flood,https://reliefweb.int/country/ken,,Disaster types,Affected country,
Burundi: Floods and Landslides - Apr 2020,Burundi,,1 more,https://reliefweb.int/disaster/fl-2020-000054-bdi,https://reliefweb.int/disasters?list=Flood%20Disasters&advanced-search=%28TY4611%29,Flood,https://reliefweb.int/country/bdi,,Disaster types,Affected country,
Tanzania: Floods - Jan 2020,Tanzania,,1 more,https://reliefweb.int/disaster/fl-2020-000029-tza,https://reliefweb.int/disasters?list=Flash%20Flood%20Disasters&advanced-search=%28TY4624%29,Flash Flood,https://reliefweb.int/country/tza,,Disaster types,Affected country,
Rwanda: Floods - Dec 2019,Rwanda,,"",https://reliefweb.int/disaster/fl-2019-000170-rwa,https://reliefweb.int/disasters?list=Flood%20Disasters&advanced-search=%28TY4611%29,Flood,https://reliefweb.int/country/rwa,,Disaster type,Affected country,
Tropical Cyclone Pawan - Dec 2019,Somalia,"",,https://reliefweb.int/disaster/tc-2019-000165-som,https://reliefweb.int/disasters?list=Tropical%20Cyclone%20Disasters&advanced-search=%28TY4618%29,Tropical Cyclone,https://reliefweb.int/country/som,,Disaster type,Affected countries,
Burundi: Floods and Landslides - Dec 2019,Burundi,1 more,,https://reliefweb.int/disaster/fl-2019-000167-bdi,https://reliefweb.int/disasters?list=Flood%20Disasters&advanced-search=%28TY4611%29,Flood,https://reliefweb.int/country/bdi,,Disaster types,Affected country,
Djibouti: Floods - Nov 2019,Djibouti,1 more,,https://reliefweb.int/disaster/fl-2019-000156-dji,https://reliefweb.int/disasters?list=Flash%20Flood%20Disasters&advanced-search=%28TY4624%29,Flash Flood,https://reliefweb.int/country/dji,,Disaster types,Affected country,
Kenya: Floods and Landslides - Oct 2019,Kenya,2 more,,https://reliefweb.int/disaster/fl-2019-000138-ken,https://reliefweb.int/disasters?list=Flash%20Flood%20Disasters&advanced-search=%28TY4624%29,Flash Flood,https://reliefweb.int/country/ken,,Disaster types,Affected country,
Somalia: Floods - Oct 2019,Somalia,1 more,,https://reliefweb.int/disaster/fl-2019-000133-som,https://reliefweb.int/disasters?list=Flash%20Flood%20Disasters&advanced-search=%28TY4624%29,Flash Flood,https://reliefweb.int/country/som,,Disaster types,Affected country,
Uganda: Floods and Landslides - Oct 2019,Uganda,2 more,,https://reliefweb.int/disaster/fl-2019-000163-uga,https://reliefweb.int/disasters?list=Flood%20Disasters&advanced-search=%28TY4611%29,Flood,https://reliefweb.int/country/uga,,Disaster types,Affected country,
Tanzania: Floods - Oct 2019,Tanzania,"",,https://reliefweb.int/disaster/fl-2019-000145-tza,https://reliefweb.int/disasters?list=Flood%20Disasters&advanced-search=%28TY4611%29,Flood,https://reliefweb.int/country/tza,,Disaster type,Affected country,
Sudan: Rift Valley Fever Outbreak - Oct 2019,Sudan,"",,https://reliefweb.int/disaster/ep-2019-000150-sdn,https://reliefweb.int/disasters?list=Epidemic%20Disasters&advanced-search=%28TY4642%29,Epidemic,https://reliefweb.int/country/sdn,,Disaster type,Affected country,
Horn of Africa: Locust Infestation - Oct 2019,Ethiopia,"",,https://reliefweb.int/disaster/2019-000149-eth,https://reliefweb.int/disasters?list=Insect%20Infestation%20Disasters&advanced-search=%28TY5255%29,Insect Infestation,https://reliefweb.int/country/eth,,Disaster type,Affected countries,
Sudan: Cholera Outbreak - Sep 2019,Sudan,"",,https://reliefweb.int/disaster/ep-2019-000113-sdn,https://reliefweb.int/disasters?list=Epidemic%20Disasters&advanced-search=%28TY4642%29,Epidemic,https://reliefweb.int/country/sdn,,Disaster type,Affected country,
Ethiopia: Floods - Aug 2019,Ethiopia,1 more,,https://reliefweb.int/disaster/fl-2019-000116-eth,https://reliefweb.int/disasters?list=Flash%20Flood%20Disasters&advanced-search=%28TY4624%29,Flash Flood,https://reliefweb.int/country/eth,,Disaster types,Affected country,
Sudan: Dengue Fever Outbreak - Aug 2019,Sudan,"",,https://reliefweb.int/disaster/ep-2019-000155-sdn,https://reliefweb.int/disasters?list=Epidemic%20Disasters&advanced-search=%28TY4642%29,Epidemic,https://reliefweb.int/country/sdn,,Disaster type,Affected country,
South Sudan: Floods - Jun 2019,South Sudan,"",,https://reliefweb.int/disaster/fl-2019-000062-ssd,https://reliefweb.int/disasters?list=Flood%20Disasters&advanced-search=%28TY4611%29,Flood,https://reliefweb.int/country/ssd,,Disaster type,Affected country,
Ethiopia: Cholera Outbreak - Jun 2019,Ethiopia,"",,https://reliefweb.int/disaster/ep-2019-000080-eth,https://reliefweb.int/disasters?list=Epidemic%20Disasters&advanced-search=%28TY4642%29,Epidemic,https://reliefweb.int/country/eth,,Disaster type,Affected country,
Burundi: Cholera Outbreak - Jun 2019,Burundi,"",,https://reliefweb.int/disaster/ep-2019-000124-bdi,https://reliefweb.int/disasters?list=Epidemic%20Disasters&advanced-search=%28TY4642%29,Epidemic,https://reliefweb.int/country/bdi,,Disaster type,Affected country,
Uganda: Floods and Landslides - Jun 2019,Uganda,1 more,,https://reliefweb.int/disaster/fl-2019-000067-uga,https://reliefweb.int/disasters?list=Flood%20Disasters&advanced-search=%28TY4611%29,Flood,https://reliefweb.int/country/uga,,Disaster types,Affected country,
Sudan: Floods - Jun 2019,Sudan,1 more,,https://reliefweb.int/disaster/fl-2019-000064-sdn,https://reliefweb.int/disasters?list=Flood%20Disasters&advanced-search=%28TY4611%29,Flood,https://reliefweb.int/country/sdn,,Disaster types,Affected country,
Tanzania: Floods - May 2019,Tanzania,"",,https://reliefweb.int/disaster/fl-2019-000048-tza,https://reliefweb.int/disasters?list=Flood%20Disasters&advanced-search=%28TY4611%29,Flood,https://reliefweb.int/country/tza,,Disaster type,Affected country,
Burundi: Malaria Outbreak - May 2019,Burundi,"",,https://reliefweb.int/disaster/ep-2019-000060-bdi,https://reliefweb.int/disasters?list=Epidemic%20Disasters&advanced-search=%28TY4642%29,Epidemic,https://reliefweb.int/country/bdi,,Disaster type,Affected country,
Tropical Cyclone Kenneth - Apr 2019,Mozambique,2 more,,https://reliefweb.int/disaster/tc-2019-000038-moz,https://reliefweb.int/disasters?list=Flood%20Disasters&advanced-search=%28TY4611%29,Flood,https://reliefweb.int/country/moz,,Disaster types,Affected countries,
Kenya: Cholera Outbreak - Jan 2019,Kenya,"","",https://reliefweb.int/disaster/ep-2019-000109-ken,https://reliefweb.int/disasters?list=Epidemic%20Disasters&advanced-search=%28TY4642%29,Epidemic,https://reliefweb.int/country/ken,,Disaster type,Affected country,
South Sudan: Measles Outbreak - Dec 2018,South Sudan,"","",https://reliefweb.int/disaster/ep-2018-000430-ssd,https://reliefweb.int/disasters?list=Epidemic%20Disasters&advanced-search=%28TY4642%29,Epidemic,https://reliefweb.int/country/ssd,,Disaster type,Affected country,
Southern Africa: Drought - 2018-2022,Malawi,"",11 more,https://reliefweb.int/disaster/dr-2018-000429-zwe,https://reliefweb.int/disasters?list=Drought%20Disasters&advanced-search=%28TY4672%29,Drought,https://reliefweb.int/country/mwi,,Disaster type,Affected countries,
Tropical Cyclone Luban - Oct 2018,Yemen,1 more,2 more,https://reliefweb.int/disaster/tc-2018-000163-yem,https://reliefweb.int/disasters?list=Flood%20Disasters&advanced-search=%28TY4611%29,Flood,https://reliefweb.int/country/yem,,Disaster types,Affected countries,
Horn of Africa: Polio Outbreak - Aug 2018,Somalia,"",2 more,https://reliefweb.int/disaster/ep-2018-000161-som,https://reliefweb.int/disasters?list=Epidemic%20Disasters&advanced-search=%28TY4642%29,Epidemic,https://reliefweb.int/country/som,,Disaster type,Affected countries,
DR Congo: Ebola Outbreak - Aug 2018,DR Congo,"",1 more,https://reliefweb.int/disaster/ep-2018-000129-cod,https://reliefweb.int/disasters?list=Epidemic%20Disasters&advanced-search=%28TY4642%29,Epidemic,https://reliefweb.int/country/cod,,Disaster type,Affected countries,
Sudan: Floods - Jul 2018,Sudan,1 more,"",https://reliefweb.int/disaster/fl-2018-000128-sdn,https://reliefweb.int/disasters?list=Flash%20Flood%20Disasters&advanced-search=%28TY4624%29,Flash Flood,https://reliefweb.int/country/sdn,,Disaster types,Affected country,
Tropical Cyclone Mekunu - May 2018,Yemen,"",2 more,https://reliefweb.int/disaster/tc-2018-000062-yem,https://reliefweb.int/disasters?list=Tropical%20Cyclone%20Disasters&advanced-search=%28TY4618%29,Tropical Cyclone,https://reliefweb.int/country/yem,,Disaster type,Affected countries,
Tropical Cyclone Sagar - May 2018,Somalia,"",3 more,https://reliefweb.int/disaster/tc-2018-000059-som,https://reliefweb.int/disasters?list=Tropical%20Cyclone%20Disasters&advanced-search=%28TY4618%29,Tropical Cyclone,https://reliefweb.int/country/som,,Disaster type,Affected countries,
Burundi: Floods - Apr 2018,Burundi,"","",https://reliefweb.int/disaster/fl-2018-000054-bdi,https://reliefweb.int/disasters?list=Flood%20Disasters&advanced-search=%28TY4611%29,Flood,https://reliefweb.int/country/bdi,,Disaster type,Affected country,
Tanzania: Floods - Apr 2018,Tanzania,"","",https://reliefweb.int/disaster/fl-2018-000043-tza,https://reliefweb.int/disasters?list=Flood%20Disasters&advanced-search=%28TY4611%29,Flood,https://reliefweb.int/country/tza,,Disaster type,Affected country,
Ethiopia: Floods and Landslides - Apr 2018,Ethiopia,2 more,"",https://reliefweb.int/disaster/ff-2018-000042-eth,https://reliefweb.int/disasters?list=Flash%20Flood%20Disasters&advanced-search=%28TY4624%29,Flash Flood,https://reliefweb.int/country/eth,,Disaster types,Affected country,
Somalia: Flash Floods - Apr 2018,Somalia,1 more,"",https://reliefweb.int/disaster/ff-2018-000041-som,https://reliefweb.int/disasters?list=Flash%20Flood%20Disasters&advanced-search=%28TY4624%29,Flash Flood,https://reliefweb.int/country/som,,Disaster types,Affected country,
Rwanda: Floods - Mar 2018,Rwanda,1 more,"",https://reliefweb.int/disaster/fl-2018-000029-rwa,https://reliefweb.int/disasters?list=Flash%20Flood%20Disasters&advanced-search=%28TY4624%29,Flash Flood,https://reliefweb.int/country/rwa,,Disaster types,Affected country,
Kenya: Floods - Mar 2018,Kenya,1 more,"",https://reliefweb.int/disaster/ff-2018-000030-ken,https://reliefweb.int/disasters?list=Flash%20Flood%20Disasters&advanced-search=%28TY4624%29,Flash Flood,https://reliefweb.int/country/ken,,Disaster types,Affected country,
Uganda: Cholera Outbreak - Feb 2018,Uganda,"","",https://reliefweb.int/disaster/ep-2018-000021-uga,https://reliefweb.int/disasters?list=Epidemic%20Disasters&advanced-search=%28TY4642%29,Epidemic,https://reliefweb.int/country/uga,,Disaster type,Affected country,
South Sudan: Floods - Sep 2017,South Sudan,"","",https://reliefweb.int/disaster/fl-2017-000137-ssd,https://reliefweb.int/disasters?list=Flood%20Disasters&advanced-search=%28TY4611%29,Flood,https://reliefweb.int/country/ssd,,Disaster type,Affected country,
Rwanda: Severe Local Storms - Sep 2017,Rwanda,1 more,"",https://reliefweb.int/disaster/st-2017-000143-rwa,https://reliefweb.int/disasters?list=Flood%20Disasters&advanced-search=%28TY4611%29,Flood,https://reliefweb.int/country/rwa,,Disaster types,Affected country,
Ethiopia: Floods - Aug 2017,Ethiopia,1 more,"",https://reliefweb.int/disaster/fl-2017-000139-eth,https://reliefweb.int/disasters?list=Flash%20Flood%20Disasters&advanced-search=%28TY4624%29,Flash Flood,https://reliefweb.int/country/eth,,Disaster types,Affected country,
Sudan: Acute Watery Diarrhoea (AWD) Outbreak - Jul 2017,Sudan,"","",https://reliefweb.int/disaster/ep-2017-000124-sdn,https://reliefweb.int/disasters?list=Epidemic%20Disasters&advanced-search=%28TY4642%29,Epidemic,https://reliefweb.int/country/sdn,,Disaster type,Affected country,
Influenza A (H1N1) Pandemic - Apr 2009,World,,,https://reliefweb.int/disaster/ep-2009-000084-mex,https://reliefweb.int/disasters?list=Epidemic%20Disasters&advanced-search=%28TY4642%29,Epidemic,https://reliefweb.int/country/wld,,,Affected countries,
Burundi: Floods - Apr 2009,Burundi,,,https://reliefweb.int/disaster/fl-2009-000075-bdi,https://reliefweb.int/disasters?list=Flood%20Disasters&advanced-search=%28TY4611%29,Flood,https://reliefweb.int/country/bdi,,,Affected country,
Ethiopia: Flash Floods - Nov 2008,Ethiopia,,,https://reliefweb.int/disaster/ff-2008-000227-eth,https://reliefweb.int/disasters?list=Flash%20Flood%20Disasters&advanced-search=%28TY4624%29,Flash Flood,https://reliefweb.int/country/eth,,,Affected country,
Sudan: Floods - Oct 2008,Sudan,,,https://reliefweb.int/disaster/fl-2008-000207-sdn,https://reliefweb.int/disasters?list=Flood%20Disasters&advanced-search=%28TY4611%29,Flood,https://reliefweb.int/country/sdn,,,Affected country,
Burundi: Floods - Sep 2008,Burundi,,,https://reliefweb.int/disaster/fl-2008-000187-bdi,https://reliefweb.int/disasters?list=Flood%20Disasters&advanced-search=%28TY4611%29,Flood,https://reliefweb.int/country/bdi,,,Affected country,
Rwanda: Floods - Oct 2008,Rwanda,,,https://reliefweb.int/disaster/fl-2008-000182-rwa,https://reliefweb.int/disasters?list=Flood%20Disasters&advanced-search=%28TY4611%29,Flood,https://reliefweb.int/country/rwa,,,Affected country,
Somalia: Floods - Oct 2008,Somalia,,,https://reliefweb.int/disaster/fl-2008-000185-som,https://reliefweb.int/disasters?list=Flood%20Disasters&advanced-search=%28TY4611%29,Flood,https://reliefweb.int/country/som,,,Affected country,
Kenya: Floods - Oct 2008,Kenya,,,https://reliefweb.int/disaster/fl-2008-000217-ken,https://reliefweb.int/disasters?list=Flood%20Disasters&advanced-search=%28TY4611%29,Flood,https://reliefweb.int/country/ken,,,Affected country,
Uganda: Floods - Sep 2008,Uganda,,,https://reliefweb.int/disaster/fl-2008-000175-uga,https://reliefweb.int/disasters?list=Flood%20Disasters&advanced-search=%28TY4611%29,Flood,https://reliefweb.int/country/uga,,,Affected country,
Ethiopia: Flash Flood - Aug 2008,Ethiopia,,,https://reliefweb.int/disaster/ff-2008-000141-eth,https://reliefweb.int/disasters?list=Flash%20Flood%20Disasters&advanced-search=%28TY4624%29,Flash Flood,https://reliefweb.int/country/eth,,,Affected country,
Sudan: Floods - Aug 2008,Sudan,,,https://reliefweb.int/disaster/fl-2008-000125-sdn,https://reliefweb.int/disasters?list=Flood%20Disasters&advanced-search=%28TY4611%29,Flood,https://reliefweb.int/country/sdn,,,Affected country,
Kenya: Flash Floods - Jun 2008,Kenya,,,https://reliefweb.int/disaster/ff-2008-000092-ken,https://reliefweb.int/disasters?list=Flash%20Flood%20Disasters&advanced-search=%28TY4624%29,Flash Flood,https://reliefweb.int/country/ken,,,Affected country,
Somalia: Floods - Jun 2008,Somalia,,,https://reliefweb.int/disaster/fl-2008-000091-som,https://reliefweb.int/disasters?list=Flood%20Disasters&advanced-search=%28TY4611%29,Flood,https://reliefweb.int/country/som,,,Affected country,
Tanzania: Technical Accident and Floods - Apr 2008,Tanzania,,,https://reliefweb.int/disaster/ac-2008-000040-tza,https://reliefweb.int/disasters?list=Technological%20Disaster%20Disasters&advanced-search=%28TY4620%29,Technological Disaster,https://reliefweb.int/country/tza,,,Affected country,
Great Lakes: Earthquake - Feb 2008,DR Congo,,,https://reliefweb.int/disaster/eq-2008-000017-cod,https://reliefweb.int/disasters?list=Earthquake%20Disasters&advanced-search=%28TY4628%29,Earthquake,https://reliefweb.int/country/cod,,,Affected countries,
Tanzania: Floods - Jan 2008,Tanzania,,,https://reliefweb.int/disaster/fl-2008-000011-tza,https://reliefweb.int/disasters?list=Flood%20Disasters&advanced-search=%28TY4611%29,Flood,https://reliefweb.int/country/tza,,,Affected country,
Kenya: Floods - Dec 2007,Kenya,,,https://reliefweb.int/disaster/fl-2007-000221-ken,https://reliefweb.int/disasters?list=Flood%20Disasters&advanced-search=%28TY4611%29,Flood,https://reliefweb.int/country/ken,,,Affected country,
Uganda: Ebola Outbreak - Nov 2007,Uganda,,,https://reliefweb.int/disaster/ep-2007-000219-uga,https://reliefweb.int/disasters?list=Epidemic%20Disasters&advanced-search=%28TY4642%29,Epidemic,https://reliefweb.int/country/uga,,,Affected country,
Rwanda: Floods - Sep 2007,Rwanda,,,https://reliefweb.int/disaster/fl-2007-000159-rwa,https://reliefweb.int/disasters?list=Flood%20Disasters&advanced-search=%28TY4611%29,Flood,https://reliefweb.int/country/rwa,,,Affected country,
Ethiopia: Floods - Aug 2007,Ethiopia,,,https://reliefweb.int/disaster/fl-2007-000145-eth,https://reliefweb.int/disasters?list=Flood%20Disasters&advanced-search=%28TY4611%29,Flood,https://reliefweb.int/country/eth,,,Affected country,
Uganda: Floods - Aug 2007,Uganda,,"",https://reliefweb.int/disaster/fl-2007-000138-uga,https://reliefweb.int/disasters?list=Flood%20Disasters&advanced-search=%28TY4611%29,Flood,https://reliefweb.int/country/uga,,,Affected country,
Kenya: Floods - Aug 2007,Kenya,,"",https://reliefweb.int/disaster/fl-2007-000139-ken,https://reliefweb.int/disasters?list=Flood%20Disasters&advanced-search=%28TY4611%29,Flood,https://reliefweb.int/country/ken,,,Affected country,
East Africa: Floods - Aug 2007,Ethiopia,,5 more,https://reliefweb.int/disaster/fl-2007-000161-uga,https://reliefweb.int/disasters?list=Flood%20Disasters&advanced-search=%28TY4611%29,Flood,https://reliefweb.int/country/eth,,,Affected countries,
Kenya: Landslides - Aug 2007,Kenya,,"",https://reliefweb.int/disaster/ls-2007-000128-ken,https://reliefweb.int/disasters?list=Land%20Slide%20Disasters&advanced-search=%28TY4728%29,Land Slide,https://reliefweb.int/country/ken,,,Affected country,
Uganda: Marburg Fever Outbreak - Jul 2007,Uganda,,"",https://reliefweb.int/disaster/ep-2007-000140-uga,https://reliefweb.int/disasters?list=Epidemic%20Disasters&advanced-search=%28TY4642%29,Epidemic,https://reliefweb.int/country/uga,,,Affected country,
Sudan: Floods - Jul 2007,Sudan,,"",https://reliefweb.int/disaster/fl-2007-000093-sdn,https://reliefweb.int/disasters?list=Flood%20Disasters&advanced-search=%28TY4611%29,Flood,https://reliefweb.int/country/sdn,,,Affected country,
Kenya: Floods - May 2007,Kenya,,"",https://reliefweb.int/disaster/fl-2007-000076-ken,https://reliefweb.int/disasters?list=Flood%20Disasters&advanced-search=%28TY4611%29,Flood,https://reliefweb.int/country/ken,,,Affected country,
Burundi: Floods - Dec 2006,Burundi,,"",https://reliefweb.int/disaster/fl-2006-000190-bdi,https://reliefweb.int/disasters?list=Flood%20Disasters&advanced-search=%28TY4611%29,Flood,https://reliefweb.int/country/bdi,,,Affected country,
Horn of Africa: Floods - Nov 2006,Ethiopia,,2 more,https://reliefweb.int/disaster/fl-2006-000169-som,https://reliefweb.int/disasters?list=Flood%20Disasters&advanced-search=%28TY4611%29,Flood,https://reliefweb.int/country/eth,,,Affected countries,
Tanzania: Heavy Rains - Nov 2006,Tanzania,,"",https://reliefweb.int/disaster/fl-2006-000164-tza,https://reliefweb.int/disasters?list=Flood%20Disasters&advanced-search=%28TY4611%29,Flood,https://reliefweb.int/country/tza,,,Affected country,
Uganda: Floods - Aug 2006,Uganda,,"",https://reliefweb.int/disaster/fl-2006-000124-uga,https://reliefweb.int/disasters?list=Flood%20Disasters&advanced-search=%28TY4611%29,Flood,https://reliefweb.int/country/uga,,,Affected country,
Sudan: Floods - Aug 2006,Sudan,,"",https://reliefweb.int/disaster/fl-2006-000123-sdn,https://reliefweb.int/disasters?list=Flood%20Disasters&advanced-search=%28TY4611%29,Flood,https://reliefweb.int/country/sdn,,,Affected country,
Ethiopia: Floods - Aug 2006,Ethiopia,,"",https://reliefweb.int/disaster/fl-2006-000112-eth,https://reliefweb.int/disasters?list=Flood%20Disasters&advanced-search=%28TY4611%29,Flood,https://reliefweb.int/country/eth,,,Affected country,
Tanzania: Floods - May 2006,Tanzania,,"",https://reliefweb.int/disaster/fl-2006-000065-tza,https://reliefweb.int/disasters?list=Flood%20Disasters&advanced-search=%28TY4611%29,Flood,https://reliefweb.int/country/tza,,,Affected country,
Kenya: Flash Floods - Apr 2006,Kenya,,"",https://reliefweb.int/disaster/ff-2006-000046-ken,https://reliefweb.int/disasters?list=Flash%20Flood%20Disasters&advanced-search=%28TY4624%29,Flash Flood,https://reliefweb.int/country/ken,,,Affected country,
East Africa: Earthquake - Dec 2005,Burundi,,5 more,https://reliefweb.int/disaster/eq-2005-000203-tza,https://reliefweb.int/disasters?list=Earthquake%20Disasters&advanced-search=%28TY4628%29,Earthquake,https://reliefweb.int/country/bdi,,,Affected countries,
Sudan: Floods - Oct 2005,Sudan,,"",https://reliefweb.int/disaster/fl-2005-000175-sdn,https://reliefweb.int/disasters?list=Flood%20Disasters&advanced-search=%28TY4611%29,Flood,https://reliefweb.int/country/sdn,,,Affected country,
Sudan: Floods - Aug 2005,Sudan,,"",https://reliefweb.int/disaster/fl-2005-000129-sdn,https://reliefweb.int/disasters?list=Flood%20Disasters&advanced-search=%28TY4611%29,Flood,https://reliefweb.int/country/sdn,,,Affected country,
Somalia: Heavy rains - Apr 2005,Somalia,,"",https://reliefweb.int/disaster/st-2005-000066-som,https://reliefweb.int/disasters?list=Severe%20Local%20Storm%20Disasters&advanced-search=%28TY4656%29,Severe Local Storm,https://reliefweb.int/country/som,,,Affected country,
Horn of Africa: Floods - Apr 2005,Ethiopia,,2 more,https://reliefweb.int/disaster/fl-2005-000064-eth,https://reliefweb.int/disasters?list=Flood%20Disasters&advanced-search=%28TY4611%29,Flood,https://reliefweb.int/country/eth,,,Affected countries,
Tanzania: Floods - Apr 2005,Tanzania,,"",https://reliefweb.int/disaster/fl-2005-000062-tza,https://reliefweb.int/disasters?list=Flood%20Disasters&advanced-search=%28TY4611%29,Flood,https://reliefweb.int/country/tza,,Disaster type,Affected country,
Djibouti: Drought - Apr 2005,Eritrea,,2 more,https://reliefweb.int/disaster/dr-2005-000061-dji,https://reliefweb.int/disasters?list=Drought%20Disasters&advanced-search=%28TY4672%29,Drought,https://reliefweb.int/country/eri,,Disaster type,Affected countries,
South Asia: Earthquake and Tsunami - Dec 2004,Indonesia,,10 more,https://reliefweb.int/disaster/ts-2004-000147-idn,https://reliefweb.int/disasters?list=Earthquake%20Disasters&advanced-search=%28TY4628%29,Earthquake,https://reliefweb.int/country/idn,,Disaster types,Affected countries,
Locusts - Aug 2004,Algeria,,28 more,https://reliefweb.int/disaster/2004-000071-mrt,https://reliefweb.int/disasters?list=Insect%20Infestation%20Disasters&advanced-search=%28TY5255%29,Insect Infestation,https://reliefweb.int/country/dza,,Disaster type,Affected countries,
Kenya: Floods - May 2004,Kenya,,"",https://reliefweb.int/disaster/fl-2004-000020-ken,https://reliefweb.int/disasters?list=Flood%20Disasters&advanced-search=%28TY4611%29,Flood,https://reliefweb.int/country/ken,,Disaster type,Affected country,
Djibouti: Floods - Apr 2004,Djibouti,,"",https://reliefweb.int/disaster/2004-0158,https://reliefweb.int/disasters?list=Flood%20Disasters&advanced-search=%28TY4611%29,Flood,https://reliefweb.int/country/dji,,Disaster type,Affected country,
Sudan: Floods - Jul 2003,Sudan,,"",https://reliefweb.int/disaster/fl-2003-000368-sdn,https://reliefweb.int/disasters?list=Flood%20Disasters&advanced-search=%28TY4611%29,Flood,https://reliefweb.int/country/sdn,,Disaster type,Affected country,
Horn of Africa: Floods - May 2003,Ethiopia,,2 more,https://reliefweb.int/disaster/fl-2003-000204-ken,https://reliefweb.int/disasters?list=Flood%20Disasters&advanced-search=%28TY4611%29,Flood,https://reliefweb.int/country/eth,,Disaster type,Affected countries,
Kenya: Floods - May 2002,Kenya,,1 more,https://reliefweb.int/disaster/fl-2002-000265-ken,https://reliefweb.int/disasters?list=Flood%20Disasters&advanced-search=%28TY4611%29,Flood,https://reliefweb.int/country/ken,,Disaster type,Affected countries,
Ethiopia: Floods - Apr 2002,Ethiopia,,"",https://reliefweb.int/disaster/fl-2002-000225-eth,https://reliefweb.int/disasters?list=Flood%20Disasters&advanced-search=%28TY4611%29,Flood,https://reliefweb.int/country/eth,,Disaster type,Affected country,
Djibouti: Toxic Pollution - Mar 2002,Djibouti,,"",https://reliefweb.int/disaster/ac-2002-000140-dji,https://reliefweb.int/disasters?list=Technological%20Disaster%20Disasters&advanced-search=%28TY4620%29,Technological Disaster,https://reliefweb.int/country/dji,,Disaster type,Affected country,
DR Congo: Volcano Nyiragongo - Jan 2002,DR Congo,,1 more,https://reliefweb.int/disaster/vo-2002-000033-cod,https://reliefweb.int/disasters?list=Volcano%20Disasters&advanced-search=%28TY4615%29,Volcano,https://reliefweb.int/country/cod,,Disaster type,Affected countries,
Sudan: Floods - Aug 2001,Sudan,,"",https://reliefweb.int/disaster/fl-2001-000417-sdn,https://reliefweb.int/disasters?list=Flood%20Disasters&advanced-search=%28TY4611%29,Flood,https://reliefweb.int/country/sdn,,Disaster type,Affected country,
DR Congo: Volcanic Activity Nyamulagira - Feb 2001,DR Congo,,2 more,https://reliefweb.int/disaster/vo-2001-000732-cod,https://reliefweb.int/disasters?list=Volcano%20Disasters&advanced-search=%28TY4615%29,Volcano,https://reliefweb.int/country/cod,,Disaster type,Affected countries,
Tanzania: Earthquake - Oct 2000,Tanzania,,"",https://reliefweb.int/disaster/eq-2000-000653-tza,https://reliefweb.int/disasters?list=Earthquake%20Disasters&advanced-search=%28TY4628%29,Earthquake,https://reliefweb.int/country/tza,,Disaster type,Affected country,
Kenya: Drought - Jan 2000,Ethiopia,,1 more,https://reliefweb.int/disaster/dr-2000-000022-ken,https://reliefweb.int/disasters?list=Drought%20Disasters&advanced-search=%28TY4672%29,Drought,https://reliefweb.int/country/eth,,Disaster type,Affected countries,
Rwanda: Drought - Nov 1999,Rwanda,,"",https://reliefweb.int/disaster/dr-1999-000458-rwa,https://reliefweb.int/disasters?list=Drought%20Disasters&advanced-search=%28TY4672%29,Drought,https://reliefweb.int/country/rwa,,Disaster type,Affected country,
Sudan: Floods - Aug 1999,Sudan,,"",https://reliefweb.int/taxonomy/term/5823,https://reliefweb.int/disasters?list=Flood%20Disasters&advanced-search=%28TY4611%29,Flood,https://reliefweb.int/country/sdn,,Disaster type,Affected country,
Djibouti: Drought - Aug 1999,Djibouti,,1 more,https://reliefweb.int/disaster/dr-1999-000267-dji,https://reliefweb.int/disasters?list=Drought%20Disasters&advanced-search=%28TY4672%29,Drought,https://reliefweb.int/country/dji,,Disaster type,Affected countries,
Ethiopia: Drought - Jul 1999,Ethiopia,,"",https://reliefweb.int/disaster/dr-1999-000148-eth,https://reliefweb.int/disasters?list=Drought%20Disasters&advanced-search=%28TY4672%29,Drought,https://reliefweb.int/country/eth,,Disaster type,Affected country,
Sudan: Floods - Sep 1998,Sudan,,,https://reliefweb.int/disaster/fl-1998-000251-sdn,https://reliefweb.int/disasters?list=Flood%20Disasters&advanced-search=%28TY4611%29,Flood,https://reliefweb.int/country/sdn,,,,
Tanzania: Floods - May 1998,Tanzania,,,https://reliefweb.int/disaster/fl-1998-000112-tza,https://reliefweb.int/disasters?list=Flood%20Disasters&advanced-search=%28TY4611%29,Flood,https://reliefweb.int/country/tza,,,,
Ethiopia: Floods - Nov 1997,Ethiopia,,,https://reliefweb.int/disaster/fl-1997-000270-eth,https://reliefweb.int/disasters?list=Flood%20Disasters&advanced-search=%28TY4611%29,Flood,https://reliefweb.int/country/eth,,,,
Uganda: Floods - Nov 1997,Uganda,,,https://reliefweb.int/disaster/fl-1997-000301-uga,https://reliefweb.int/disasters?list=Flood%20Disasters&advanced-search=%28TY4611%29,Flood,https://reliefweb.int/country/uga,,,,
Kenya: Floods - Nov 1997,Kenya,,,https://reliefweb.int/disaster/fl-1997-000255-ken,https://reliefweb.int/disasters?list=Flood%20Disasters&advanced-search=%28TY4611%29,Flood,https://reliefweb.int/country/ken,,,,
Somalia: Floods - Nov 1997,Somalia,,,https://reliefweb.int/disaster/fl-1997-000265-som,https://reliefweb.int/disasters?list=Flood%20Disasters&advanced-search=%28TY4611%29,Flood,https://reliefweb.int/country/som,,,,
Tanzania: Fires - Oct 1997,Tanzania,,,https://reliefweb.int/disaster/wf-1997-000262-tza,https://reliefweb.int/disasters?list=Wild%20Fire%20Disasters&advanced-search=%28TY4648%29,Wild Fire,https://reliefweb.int/country/tza,,,,
Tanzania: Floods - Apr 1997,Tanzania,,,https://reliefweb.int/disaster/fl-1997-000049-tza,https://reliefweb.int/disasters?list=Flood%20Disasters&advanced-search=%28TY4611%29,Flood,https://reliefweb.int/country/tza,,,,
Ethiopia: Drought - Apr 1997,Ethiopia,,,https://reliefweb.int/disaster/dr-1997-000091-eth,https://reliefweb.int/disasters?list=Drought%20Disasters&advanced-search=%28TY4672%29,Drought,https://reliefweb.int/country/eth,,,,
Kenya: Drought - Feb 1997,Kenya,,,https://reliefweb.int/disaster/dr-1997-000024-ken,https://reliefweb.int/disasters?list=Drought%20Disasters&advanced-search=%28TY4672%29,Drought,https://reliefweb.int/country/ken,,,,
Ethiopia: Floods - Aug 1996,Ethiopia,,,https://reliefweb.int/taxonomy/term/6617,https://reliefweb.int/disasters?list=Flood%20Disasters&advanced-search=%28TY4611%29,Flood,https://reliefweb.int/country/eth,,,,
Sudan: Floods - Aug 1996,Sudan,,,https://reliefweb.int/taxonomy/term/4918,https://reliefweb.int/disasters?list=Flood%20Disasters&advanced-search=%28TY4611%29,Flood,https://reliefweb.int/country/sdn,,,,
Djibouti: Drought - Jul 1996,Djibouti,,,https://reliefweb.int/taxonomy/term/5479,https://reliefweb.int/disasters?list=Drought%20Disasters&advanced-search=%28TY4672%29,Drought,https://reliefweb.int/country/dji,,,,
Somalia: Floods - Nov 1995,Somalia,,,https://reliefweb.int/taxonomy/term/5618,https://reliefweb.int/disasters?list=Flood%20Disasters&advanced-search=%28TY4611%29,Flood,https://reliefweb.int/country/som,,,,
Rwanda: Chemical Accident - Sep 1995,Rwanda,,,https://reliefweb.int/taxonomy/term/4903,https://reliefweb.int/disasters?list=Technological%20Disaster%20Disasters&advanced-search=%28TY4620%29,Technological Disaster,https://reliefweb.int/country/rwa,,,,
Tanzania: Floods - May 1995,Tanzania,,,https://reliefweb.int/taxonomy/term/5894,https://reliefweb.int/disasters?list=Flood%20Disasters&advanced-search=%28TY4611%29,Flood,https://reliefweb.int/country/tza,,,,
Ethiopia: Floods - May 1995,Ethiopia,,,https://reliefweb.int/taxonomy/term/5232,https://reliefweb.int/disasters?list=Flood%20Disasters&advanced-search=%28TY4611%29,Flood,https://reliefweb.int/country/eth,,,,
Djibouti: Floods - Nov 1994,Djibouti,,,https://reliefweb.int/taxonomy/term/5710,https://reliefweb.int/disasters?list=Flood%20Disasters&advanced-search=%28TY4611%29,Flood,https://reliefweb.int/country/dji,,,,
Sudan: Floods - Sep 1994,Sudan,,,https://reliefweb.int/taxonomy/term/6628,https://reliefweb.int/disasters?list=Flood%20Disasters&advanced-search=%28TY4611%29,Flood,https://reliefweb.int/country/sdn,,,,
Uganda: Earthquake - Feb 1994,Uganda,,,https://reliefweb.int/taxonomy/term/5288,https://reliefweb.int/disasters?list=Earthquake%20Disasters&advanced-search=%28TY4628%29,Earthquake,https://reliefweb.int/country/uga,,,,
Sudan/Egypt: Earthquakes - Aug 1993,Egypt,,,https://reliefweb.int/taxonomy/term/6217,https://reliefweb.int/disasters?list=Earthquake%20Disasters&advanced-search=%28TY4628%29,Earthquake,https://reliefweb.int/country/egy,,,Affected countries,
Eritrea: Hailstorm - Apr 1993,Eritrea,,,https://reliefweb.int/taxonomy/term/6203,https://reliefweb.int/disasters?list=Severe%20Local%20Storm%20Disasters&advanced-search=%28TY4656%29,Severe Local Storm,https://reliefweb.int/country/eri,,,Affected country,
Tanzania: Floods - Feb 1993,Tanzania,,,https://reliefweb.int/taxonomy/term/4732,https://reliefweb.int/disasters?list=Flood%20Disasters&advanced-search=%28TY4611%29,Flood,https://reliefweb.int/country/tza,,,Affected country,
Sudan: Earthquake - May 1990,Sudan,,,https://reliefweb.int/taxonomy/term/6306,https://reliefweb.int/disasters?list=Earthquake%20Disasters&advanced-search=%28TY4628%29,Earthquake,https://reliefweb.int/country/sdn,,,Affected country,
Tanzania: Floods - Apr 1990,Tanzania,,,https://reliefweb.int/taxonomy/term/4779,https://reliefweb.int/disasters?list=Flood%20Disasters&advanced-search=%28TY4611%29,Flood,https://reliefweb.int/country/tza,,,Affected country,
Somalia: Floods - Jun 1989,Somalia,,,https://reliefweb.int/taxonomy/term/5182,https://reliefweb.int/disasters?list=Flood%20Disasters&advanced-search=%28TY4611%29,Flood,https://reliefweb.int/country/som,,,Affected country,
Tanzania: Floods - Apr 1989,Tanzania,,,https://reliefweb.int/taxonomy/term/6537,https://reliefweb.int/disasters?list=Flood%20Disasters&advanced-search=%28TY4611%29,Flood,https://reliefweb.int/country/tza,,,Affected country,
Djibouti: Floods - Apr 1989,Djibouti,,,https://reliefweb.int/taxonomy/term/5125,https://reliefweb.int/disasters?list=Flood%20Disasters&advanced-search=%28TY4611%29,Flood,https://reliefweb.int/country/dji,,,Affected country,
Ethiopia: Meningitis Epidemic - Feb 1989,Ethiopia,,,https://reliefweb.int/taxonomy/term/6077,https://reliefweb.int/disasters?list=Epidemic%20Disasters&advanced-search=%28TY4642%29,Epidemic,https://reliefweb.int/country/eth,,,Affected country,
Burundi: Floods - Feb 1989,Burundi,,,https://reliefweb.int/taxonomy/term/5026,https://reliefweb.int/disasters?list=Flood%20Disasters&advanced-search=%28TY4611%29,Flood,https://reliefweb.int/country/bdi,,,Affected country,
Sudan: Floods - Aug 1988,Sudan,,,https://reliefweb.int/taxonomy/term/6643,https://reliefweb.int/disasters?list=Flood%20Disasters&advanced-search=%28TY4611%29,Flood,https://reliefweb.int/country/sdn,,,Affected country,
Rwanda: Torrential Rains - May 1988,Rwanda,,,https://reliefweb.int/taxonomy/term/4896,https://reliefweb.int/disasters?list=Severe%20Local%20Storm%20Disasters&advanced-search=%28TY4656%29,Severe Local Storm,https://reliefweb.int/country/rwa,,,Affected country,
Sudan: Drought Affected Population - Mar 1988,Sudan,,,https://reliefweb.int/taxonomy/term/6314,https://reliefweb.int/disasters?list=Drought%20Disasters&advanced-search=%28TY4672%29,Drought,https://reliefweb.int/country/sdn,,,Affected country,
Djibouti: Drought - Feb 1988,Djibouti,,,https://reliefweb.int/taxonomy/term/6479,https://reliefweb.int/disasters?list=Drought%20Disasters&advanced-search=%28TY4672%29,Drought,https://reliefweb.int/country/dji,,,Affected country,
Ethiopia: Drought - Jan 1988,Ethiopia,,,https://reliefweb.int/taxonomy/term/6674,https://reliefweb.int/disasters?list=Drought%20Disasters&advanced-search=%28TY4672%29,Drought,https://reliefweb.int/country/eth,,,Affected country,
Somalia: Drought May - 1987,Somalia,,,https://reliefweb.int/taxonomy/term/6163,https://reliefweb.int/disasters?list=Drought%20Disasters&advanced-search=%28TY4672%29,Drought,https://reliefweb.int/country/som,,,Affected country,
Sudan: Drought/Insecurity/Pest Infestation - Aug 1986,Sudan,,,https://reliefweb.int/taxonomy/term/6481,https://reliefweb.int/disasters?list=Insect%20Infestation%20Disasters&advanced-search=%28TY5255%29,Insect Infestation,https://reliefweb.int/country/sdn,,,Affected country,
Somalia: Hazardous Materials Accident - Sep 1985,Somalia,,,https://reliefweb.int/taxonomy/term/6013,https://reliefweb.int/disasters?list=Technological%20Disaster%20Disasters&advanced-search=%28TY4620%29,Technological Disaster,https://reliefweb.int/country/som,,,Affected country,
Somalia: Cholera Epidemic - Apr 1985,Somalia,,,https://reliefweb.int/taxonomy/term/5536,https://reliefweb.int/disasters?list=Epidemic%20Disasters&advanced-search=%28TY4642%29,Epidemic,https://reliefweb.int/country/som,,,Affected country,
Sudan: Drought/Refugees - Jan 1985,Sudan,,,https://reliefweb.int/taxonomy/term/5188,https://reliefweb.int/disasters?list=Drought%20Disasters&advanced-search=%28TY4672%29,Drought,https://reliefweb.int/country/sdn,,,Affected country,
